"Reference","Qty","Value","Footprint","Datasheet","Manufacturer_Part_Number"
"C1,C2","2","1uF","Capacitor_SMD:C_0402_1005Metric","https://prod-parts-data.s3.amazonaws.com/CC0402KRX5R6BB105/datasheet/1_CC0402KRX5R6BB105-Yageo-datasheet-8324442.pdf","CC0402KRX5R6BB105"
"C3,C4","2","10uF","Capacitor_SMD:C_0402_1005Metric","https://prod-parts-data.s3.amazonaws.com/CC0402MRX5R5BB106/datasheet/1_CC0402MRX5R5BB106-Yageo-datasheet-140260304.pdf","CC0402MRX5R5BB106"
"C5","1","0.1uF","Capacitor_SMD:C_0402_1005Metric","https://prod-parts-data.s3.amazonaws.com/MC0402B104K160CT/datasheet/1_MC0402B104K160CT-Multicomp-datasheet-38887781.pdf","MC0402B104K160CT"
"D2,D3,D4,D5,D6,D7,D8,D9,D10,D11,D12,D13,D14,D15,D16,D17,D18,D19,D20,D21,D22,D23,D24,D25,D26,D27,D28,D29,D30,D31,D32,D33,D34,D35,D36,D37,D38,D39,D40,D41,D42,D43,D44,D45,D46,D47,D48,D49,D50,D51,D52,D53,D54,D55,D56,D57,D58,D59,D60,D61,D62,D63,D64,D65,D66,D67,D68,D69,D70,D73,D74,D75,D77,D81","74","1N4148WS","Diode_SMD:D_SOD-323F","https://prod-parts-data.s3.amazonaws.com/1N4148WS/datasheet/1_1N4148WS-ON-Semiconductor-datasheet-154551630.pdf","1N4148WS"
"IC1","1","BQ24040DSQR","BQ24040DSQR-lion:SON40P200X200X80-11N","http://www.ti.com/lit/gpn/bq24040","BQ24040DSQR"
"IC2","1","TPS63031DSKR","TPS63031DSKR-lion:SON50P250X250X80-11N-D","http://www.ti.com/general/docs/suppproductinfo.tsp?distId=10&gotoUrl=http%3A%2F%2Fwww.ti.com%2Flit%2Fgpn%2Ftps63030","TPS63031DSKR"
"J1","1","Display","Connector_PinHeader_2.54mm:PinHeader_1x08_P2.54mm_Vertical","~",""
"J2","1","USB4216-03-A","USB421603A","","USB4216-03-A"
"J4","1","PG_LED","Connector_PinHeader_2.54mm:PinHeader_1x02_P2.54mm_Vertical","~",""
"J5","1","CHRG_LED","Connector_PinHeader_2.54mm:PinHeader_1x02_P2.54mm_Vertical","~",""
"J6","1","POWER_LED","Connector_PinHeader_2.54mm:PinHeader_1x02_P2.54mm_Vertical","~",""
"J7","1","Mode Selector","Connector_PinHeader_2.54mm:PinHeader_1x03_P2.54mm_Vertical","~",""
"J8","1","Mode Selector","Connector_PinHeader_2.54mm:PinHeader_1x04_P2.54mm_Vertical","~",""
"L2","1","LPS3015-222MRC","LPS3015-222MRC:IND_LPS3015-222MRC","https://prod-parts-data.s3.amazonaws.com/LPS3015-222MRC/datasheet/1_LPS3015-222MRC-Coilcraft-datasheet-10792063.pdf","LPS3015-222MRC"
"MDBT50Q_1","1","MDBT50Q_1","RF_Module:Raytac_MDBT50Q","https://www.mouser.in/datasheet/3/1361/1/nRF52840_MDBT50Q_1MV2_MDBT50Q_P1MV2_Ver.L_spec.pdf","113990583"
"R1,R2","2","5.1k","Resistor_SMD:R_0402_1005Metric","https://prod-parts-data.s3.amazonaws.com/CR0402-JW-512GLF/datasheet/1_CR0402-JW-512GLF-Bourns-datasheet-8723995.pdf","CR0402-JW-512GLF"
"R3","1","1k","Connector_PinHeader_2.54mm:PinHeader_1x02_P2.54mm_Vertical","",""
"R4","1","2k","Connector_PinHeader_2.54mm:PinHeader_1x02_P2.54mm_Vertical","",""
"R5","1","10k","Connector_PinHeader_2.54mm:PinHeader_1x02_P2.54mm_Vertical","",""
"R6,R7,R8","3","330","Connector_PinHeader_2.54mm:PinHeader_1x02_P2.54mm_Vertical","",""
"R9","1","300k","Connector_PinHeader_2.54mm:PinHeader_1x02_P2.54mm_Vertical","",""
"R10","1","400k","Connector_PinHeader_2.54mm:PinHeader_1x02_P2.54mm_Vertical","",""
"SW1","1","RotaryEncoder_Switch","Rotary_Encoder:RotaryEncoder_Alps_EC11E-Switch_Vertical_H20mm","~",""
"SW2","1","ESC","Button_Switch_Keyboard:SW_Cherry_MX_1.00u_PCB","~",""
"SW3","1","TILDE","Button_Switch_Keyboard:SW_Cherry_MX_1.00u_PCB","~",""
"SW4","1","TAB","Button_Switch_Keyboard:SW_Cherry_MX_1.50u_PCB","~",""
"SW5","1","CAPS","Button_Switch_Keyboard:SW_Cherry_MX_1.75u_PCB","~",""
"SW6","1","LSHIFT","Button_Switch_Keyboard:SW_Cherry_MX_2.25u_PCB","~",""
"SW7","1","LCTRL","Button_Switch_Keyboard:SW_Cherry_MX_1.25u_PCB","~",""
"SW8","1","1","Button_Switch_Keyboard:SW_Cherry_MX_1.00u_PCB","~",""
"SW9","1","Q","Button_Switch_Keyboard:SW_Cherry_MX_1.00u_PCB","~",""
"SW10","1","A","Button_Switch_Keyboard:SW_Cherry_MX_1.00u_PCB","~",""
"SW11","1","Z","Button_Switch_Keyboard:SW_Cherry_MX_1.00u_PCB","~",""
"SW12","1","WIN","Button_Switch_Keyboard:SW_Cherry_MX_1.25u_PCB","~",""
"SW13","1","F1","Button_Switch_Keyboard:SW_Cherry_MX_1.00u_PCB","~",""
"SW14","1","2","Button_Switch_Keyboard:SW_Cherry_MX_1.00u_PCB","~",""
"SW15","1","W","Button_Switch_Keyboard:SW_Cherry_MX_1.00u_PCB","~",""
"SW16","1","S","Button_Switch_Keyboard:SW_Cherry_MX_1.00u_PCB","~",""
"SW17","1","X","Button_Switch_Keyboard:SW_Cherry_MX_1.00u_PCB","~",""
"SW18","1","LALT","Button_Switch_Keyboard:SW_Cherry_MX_1.25u_PCB","~",""
"SW19","1","F2","Button_Switch_Keyboard:SW_Cherry_MX_1.00u_PCB","~",""
"SW20","1","3","Button_Switch_Keyboard:SW_Cherry_MX_1.00u_PCB","~",""
"SW21","1","E","Button_Switch_Keyboard:SW_Cherry_MX_1.00u_PCB","~",""
"SW22","1","D","Button_Switch_Keyboard:SW_Cherry_MX_1.00u_PCB","~",""
"SW23","1","C","Button_Switch_Keyboard:SW_Cherry_MX_1.00u_PCB","~",""
"SW24","1","SPACE","Button_Switch_Keyboard:SW_Cherry_MX_6.25u_PCB","~",""
"SW25","1","F3","Button_Switch_Keyboard:SW_Cherry_MX_1.00u_PCB","~",""
"SW26","1","4","Button_Switch_Keyboard:SW_Cherry_MX_1.00u_PCB","~",""
"SW27","1","R","Button_Switch_Keyboard:SW_Cherry_MX_1.00u_PCB","~",""
"SW28","1","F","Button_Switch_Keyboard:SW_Cherry_MX_1.00u_PCB","~",""
"SW29","1","V","Button_Switch_Keyboard:SW_Cherry_MX_1.00u_PCB","~",""
"SW30","1","F4","Button_Switch_Keyboard:SW_Cherry_MX_1.00u_PCB","~",""
"SW31","1","5","Button_Switch_Keyboard:SW_Cherry_MX_1.00u_PCB","~",""
"SW32","1","T","Button_Switch_Keyboard:SW_Cherry_MX_1.00u_PCB","~",""
"SW33","1","G","Button_Switch_Keyboard:SW_Cherry_MX_1.00u_PCB","~",""
"SW34","1","B","Button_Switch_Keyboard:SW_Cherry_MX_1.00u_PCB","~",""
"SW35","1","6","Button_Switch_Keyboard:SW_Cherry_MX_1.00u_PCB","~",""
"SW36","1","Y","Button_Switch_Keyboard:SW_Cherry_MX_1.00u_PCB","~",""
"SW37","1","H","Button_Switch_Keyboard:SW_Cherry_MX_1.00u_PCB","~",""
"SW38","1","N","Button_Switch_Keyboard:SW_Cherry_MX_1.00u_PCB","~",""
"SW39","1","F5","Button_Switch_Keyboard:SW_Cherry_MX_1.00u_PCB","~",""
"SW40","1","7","Button_Switch_Keyboard:SW_Cherry_MX_1.00u_PCB","~",""
"SW41","1","U","Button_Switch_Keyboard:SW_Cherry_MX_1.00u_PCB","~",""
"SW42","1","J","Button_Switch_Keyboard:SW_Cherry_MX_1.00u_PCB","~",""
"SW43","1","M","Button_Switch_Keyboard:SW_Cherry_MX_1.00u_PCB","~",""
"SW44","1","F6","Button_Switch_Keyboard:SW_Cherry_MX_1.00u_PCB","~",""
"SW45","1","8","Button_Switch_Keyboard:SW_Cherry_MX_1.00u_PCB","~",""
"SW46","1","I","Button_Switch_Keyboard:SW_Cherry_MX_1.00u_PCB","~",""
"SW47","1","K","Button_Switch_Keyboard:SW_Cherry_MX_1.00u_PCB","~",""
"SW48","1","COMMA","Button_Switch_Keyboard:SW_Cherry_MX_1.00u_PCB","~",""
"SW49","1","RALT","Button_Switch_Keyboard:SW_Cherry_MX_1.25u_PCB","~",""
"SW50","1","F7","Button_Switch_Keyboard:SW_Cherry_MX_1.00u_PCB","~",""
"SW51","1","9","Button_Switch_Keyboard:SW_Cherry_MX_1.00u_PCB","~",""
"SW52","1","O","Button_Switch_Keyboard:SW_Cherry_MX_1.00u_PCB","~",""
"SW53","1","L","Button_Switch_Keyboard:SW_Cherry_MX_1.00u_PCB","~",""
"SW54","1","DOT","Button_Switch_Keyboard:SW_Cherry_MX_1.00u_PCB","~",""
"SW55","1","FN","Button_Switch_Keyboard:SW_Cherry_MX_1.25u_PCB","~",""
"SW56","1","F8","Button_Switch_Keyboard:SW_Cherry_MX_1.00u_PCB","~",""
"SW57","1","0","Button_Switch_Keyboard:SW_Cherry_MX_1.00u_PCB","~",""
"SW58","1","P","Button_Switch_Keyboard:SW_Cherry_MX_1.00u_PCB","~",""
"SW59","1","SEMICOLON","Button_Switch_Keyboard:SW_Cherry_MX_1.00u_PCB","~",""
"SW60","1","SLASH","Button_Switch_Keyboard:SW_Cherry_MX_1.00u_PCB","~",""
"SW61","1","MENU","Button_Switch_Keyboard:SW_Cherry_MX_1.25u_PCB","~",""
"SW62","1","MINUS","Button_Switch_Keyboard:SW_Cherry_MX_1.00u_PCB","~",""
"SW63","1","SQBOPEN","Button_Switch_Keyboard:SW_Cherry_MX_1.00u_PCB","~",""
"SW64","1","QUOTE","Button_Switch_Keyboard:SW_Cherry_MX_1.00u_PCB","~",""
"SW65","1","RSHIFT","Button_Switch_Keyboard:SW_Cherry_MX_2.75u_PCB","~",""
"SW66","1","RCTRL","Button_Switch_Keyboard:SW_Cherry_MX_1.25u_PCB","~",""
"SW67","1","F9","Button_Switch_Keyboard:SW_Cherry_MX_1.00u_PCB","~",""
"SW68","1","EQUAL","Button_Switch_Keyboard:SW_Cherry_MX_1.00u_PCB","~",""
"SW69","1","SQBCLOSE","Button_Switch_Keyboard:SW_Cherry_MX_1.00u_PCB","~",""
"SW70","1","ENTER","Button_Switch_Keyboard:SW_Cherry_MX_2.25u_PCB","~",""
"SW73","1","F10","Button_Switch_Keyboard:SW_Cherry_MX_1.00u_PCB","~",""
"SW74","1","BACKSPACE","Button_Switch_Keyboard:SW_Cherry_MX_2.00u_PCB","~",""
"SW75","1","FWDSLASH","Button_Switch_Keyboard:SW_Cherry_MX_1.50u_PCB","~",""
"SW77","1","F11","Button_Switch_Keyboard:SW_Cherry_MX_1.00u_PCB","~",""
"SW81","1","F12","Button_Switch_Keyboard:SW_Cherry_MX_1.00u_PCB","~",""
